<?xml version="1.0" encoding="utf-8"?>

<!--
@name     Frontend Currency
@author   Andrii Burkatskyi, ocmod.space@gmail.com
@version  1.0.1
@link     https://www.opencart.com/index.php?route=marketplace/extension&amp;filter_member=ocmod.space
@link     https://github.com/ocmod-space/ocmod-frontend-currency
@licence  https://raw.githubusercontent.com/ocmod-space/ocmod-frontend-currency/main/LICENSE.txt
-->

<modification>
    <name>#ocmod.space: frontend-currency</name>
    <code>frontend-currency</code>
    <version>1.0.1</version>
    <author>Andrii Burkatskyi</author>
    <link>https://www.opencart.com/index.php?route=marketplace/extension&amp;filter_member=ocmod.space</link>

    <file path="admin/controller/setting/setting.php">
        <operation error="log" info="3.x">
            <search info=""><![CDATA[if (isset($this->request->post['config_currency'])) {]]></search>
            <add position="before"><![CDATA[
		if (isset($this->request->post['config_frontend_currency'])) {
			$data['config_frontend_currency'] = $this->request->post['config_frontend_currency'];
		} else {
			$data['config_frontend_currency'] = $this->config->get('config_frontend_currency');
		}]]></add>
        </operation>
    </file>

    <file path="admin/view/template/setting/setting.twig">
        <operation error="log" info="3.x">
            <search info=""><![CDATA[{{ help_currency }}]]></search>
            <add position="before"><![CDATA[
                <label class="col-sm-2 control-label" for="input-frontend-currency"><span data-toggle="tooltip" title="{{ help_frontend_currency }}">{{ entry_frontend_currency }}</span></label>
                <div class="col-sm-10">
                  <select name="config_frontend_currency" id="input-frontend-currency" class="form-control">
                    {% for currency in currencies %}
                    {% if currency.code == config_frontend_currency %}
                    <option value="{{ currency.code }}" selected="selected">{{ currency.title }}</option>
                    {% else %}
                    <option value="{{ currency.code }}">{{ currency.title }}</option>
                    {% endif %}
                    {% endfor %}
                  </select>
                </div>
              </div>
              <div class="form-group">]]></add>
        </operation>
    </file>

    <file path="admin/language/*/setting/setting.php">
        <operation error="log" info="3.x">
            <search info=""><![CDATA[$_['entry_currency']]]></search>
            <add position="before"><![CDATA[$_['entry_frontend_currency'] = 'Frontend Currency';]]></add>
        </operation>

        <operation error="log" info="3.x">
            <search info=""><![CDATA[$_['help_currency']]]></search>
            <add position="before"><![CDATA[$_['help_frontend_currency'] = 'Change the default frontend currency. Clear your browser cache to see the change and reset your existing cookie.';]]></add>
        </operation>
    </file>

    <file path="catalog/controller/startup/startup.php">
        <operation error="log" info="3.x">
            <search info=""><![CDATA[$this->session->data['currency'] = $code;]]></search>
            <add position="before"><![CDATA[
			if (array_key_exists($this->config->get('config_frontend_currency'), $currencies)) {
				$code = $this->config->get('config_frontend_currency');
			}]]></add>
        </operation>
    </file>

    <file path="catalog/controller/extension/feed/google_base.php">
        <operation error="log" info="3.x">
            <search info=""><![CDATA[$currency_code = 'USD']]></search>
            <add position="replace"><![CDATA[$currency_code = $this->config->get('config_frontend_currency')]]></add>
        </operation>

        <operation error="log" info="3.x">
            <search info=""><![CDATA[$this->currency->getValue('USD')]]></search>
            <add position="replace"><![CDATA[$this->currency->getValue($currency_code)]]></add>
        </operation>
    </file>
</modification>
